accession	study	object_status	bioproject_accession	biosample_accession	library_ID	title	library_strategy	library_source	library_selection	library_layout	platform	instrument_model	design_description	filetype	filename	filename2	filename3	filename4	assembly	fasta_file
SRR37734475	SRP685577	new	PRJNA1440534	SAMN56660635	Greenhouse_16S_SFGB100	SFGB100_Greenhouse_16S_reads	AMPLICON	GENOMIC	PCR	paired	ILLUMINA	Illumina MiSeq	NA	fastq	SFGB100_13_L001_R1_001.fastq.gz	SFGB100_13_L001_R2_001.fastq.gz				
SRR37734474	SRP685577	new	PRJNA1440534	SAMN56660636	Greenhouse_16S_SFGB101	SFGB101_Greenhouse_16S_reads	AMPLICON	GENOMIC	PCR	paired	ILLUMINA	Illumina MiSeq	NA	fastq	SFGB101_84_L001_R1_001.fastq.gz	SFGB101_84_L001_R2_001.fastq.gz				
SRR37734463	SRP685577	new	PRJNA1440534	SAMN56660637	Greenhouse_16S_SFGB102	SFGB102_Greenhouse_16S_reads	AMPLICON	GENOMIC	PCR	paired	ILLUMINA	Illumina MiSeq	NA	fastq	SFGB102_155_L001_R1_001.fastq.gz	SFGB102_155_L001_R2_001.fastq.gz				
SRR37734452	SRP685577	new	PRJNA1440534	SAMN56660638	Greenhouse_16S_SFGB103	SFGB103_Greenhouse_16S_reads	AMPLICON	GENOMIC	PCR	paired	ILLUMINA	Illumina MiSeq	NA	fastq	SFGB103_18_L001_R1_001.fastq.gz	SFGB103_18_L001_R2_001.fastq.gz				
SRR37734441	SRP685577	new	PRJNA1440534	SAMN56660639	Greenhouse_16S_SFGB104	SFGB104_Greenhouse_16S_reads	AMPLICON	GENOMIC	PCR	paired	ILLUMINA	Illumina MiSeq	NA	fastq	SFGB104_60_L001_R1_001.fastq.gz	SFGB104_60_L001_R2_001.fastq.gz				
SRR37734430	SRP685577	new	PRJNA1440534	SAMN56660640	Greenhouse_16S_SFGB105	SFGB105_Greenhouse_16S_reads	AMPLICON	GENOMIC	PCR	paired	ILLUMINA	Illumina MiSeq	NA	fastq	SFGB105_66_L001_R1_001.fastq.gz	SFGB105_66_L001_R2_001.fastq.gz				
SRR37734420	SRP685577	new	PRJNA1440534	SAMN56660641	Greenhouse_16S_SFGB106	SFGB106_Greenhouse_16S_reads	AMPLICON	GENOMIC	PCR	paired	ILLUMINA	Illumina MiSeq	NA	fastq	SFGB106_16_L001_R1_001.fastq.gz	SFGB106_16_L001_R2_001.fastq.gz				
SRR37734419	SRP685577	new	PRJNA1440534	SAMN56660642	Greenhouse_16S_SFGB107	SFGB107_Greenhouse_16S_reads	AMPLICON	GENOMIC	PCR	paired	ILLUMINA	Illumina MiSeq	NA	fastq	SFGB107_17_L001_R1_001.fastq.gz	SFGB107_17_L001_R2_001.fastq.gz				
SRR37734418	SRP685577	new	PRJNA1440534	SAMN56660643	Greenhouse_16S_SFGB108	SFGB108_Greenhouse_16S_reads	AMPLICON	GENOMIC	PCR	paired	ILLUMINA	Illumina MiSeq	NA	fastq	SFGB108_8_L001_R1_001.fastq.gz	SFGB108_8_L001_R2_001.fastq.gz				
SRR37734417	SRP685577	new	PRJNA1440534	SAMN56660644	Greenhouse_16S_SFGB109	SFGB109_Greenhouse_16S_reads	AMPLICON	GENOMIC	PCR	paired	ILLUMINA	Illumina MiSeq	NA	fastq	SFGB109_91_L001_R1_001.fastq.gz	SFGB109_91_L001_R2_001.fastq.gz				
SRR37734473	SRP685577	new	PRJNA1440534	SAMN56660645	Greenhouse_16S_SFGB110	SFGB110_Greenhouse_16S_reads	AMPLICON	GENOMIC	PCR	paired	ILLUMINA	Illumina MiSeq	NA	fastq	SFGB110_37_L001_R1_001.fastq.gz	SFGB110_37_L001_R2_001.fastq.gz				
SRR37734472	SRP685577	new	PRJNA1440534	SAMN56660646	Greenhouse_16S_SFGB111	SFGB111_Greenhouse_16S_reads	AMPLICON	GENOMIC	PCR	paired	ILLUMINA	Illumina MiSeq	NA	fastq	SFGB111_2_L001_R1_001.fastq.gz	SFGB111_2_L001_R2_001.fastq.gz				
SRR37734471	SRP685577	new	PRJNA1440534	SAMN56660647	Greenhouse_16S_SFGB112	SFGB112_Greenhouse_16S_reads	AMPLICON	GENOMIC	PCR	paired	ILLUMINA	Illumina MiSeq	NA	fastq	SFGB112_33_L001_R1_001.fastq.gz	SFGB112_33_L001_R2_001.fastq.gz				
SRR37734470	SRP685577	new	PRJNA1440534	SAMN56660648	Greenhouse_16S_SFGB113	SFGB113_Greenhouse_16S_reads	AMPLICON	GENOMIC	PCR	paired	ILLUMINA	Illumina MiSeq	NA	fastq	SFGB113_75_L001_R1_001.fastq.gz	SFGB113_75_L001_R2_001.fastq.gz				
SRR37734469	SRP685577	new	PRJNA1440534	SAMN56660649	Greenhouse_16S_SFGB114	SFGB114_Greenhouse_16S_reads	AMPLICON	GENOMIC	PCR	paired	ILLUMINA	Illumina MiSeq	NA	fastq	SFGB114_101_L001_R1_001.fastq.gz	SFGB114_101_L001_R2_001.fastq.gz				
SRR37734468	SRP685577	new	PRJNA1440534	SAMN56660650	Greenhouse_16S_SFGB115	SFGB115_Greenhouse_16S_reads	AMPLICON	GENOMIC	PCR	paired	ILLUMINA	Illumina MiSeq	NA	fastq	SFGB115_59_L001_R1_001.fastq.gz	SFGB115_59_L001_R2_001.fastq.gz				
SRR37734467	SRP685577	new	PRJNA1440534	SAMN56660651	Greenhouse_16S_SFGB140	SFGB140_Greenhouse_16S_reads	AMPLICON	GENOMIC	PCR	paired	ILLUMINA	Illumina MiSeq	NA	fastq	SFGB140_11_L001_R1_001.fastq.gz	SFGB140_11_L001_R2_001.fastq.gz				
SRR37734466	SRP685577	new	PRJNA1440534	SAMN56660652	Greenhouse_16S_SFGB141	SFGB141_Greenhouse_16S_reads	AMPLICON	GENOMIC	PCR	paired	ILLUMINA	Illumina MiSeq	NA	fastq	SFGB141_113_L001_R1_001.fastq.gz	SFGB141_113_L001_R2_001.fastq.gz				
SRR37734465	SRP685577	new	PRJNA1440534	SAMN56660653	Greenhouse_16S_SFGB142	SFGB142_Greenhouse_16S_reads	AMPLICON	GENOMIC	PCR	paired	ILLUMINA	Illumina MiSeq	NA	fastq	SFGB142_29_L001_R1_001.fastq.gz	SFGB142_29_L001_R2_001.fastq.gz				
SRR37734464	SRP685577	new	PRJNA1440534	SAMN56660654	Greenhouse_16S_SFGB143	SFGB143_Greenhouse_16S_reads	AMPLICON	GENOMIC	PCR	paired	ILLUMINA	Illumina MiSeq	NA	fastq	SFGB143_144_L001_R1_001.fastq.gz	SFGB143_144_L001_R2_001.fastq.gz				
SRR37734462	SRP685577	new	PRJNA1440534	SAMN56660655	Greenhouse_16S_SFGB144	SFGB144_Greenhouse_16S_reads	AMPLICON	GENOMIC	PCR	paired	ILLUMINA	Illumina MiSeq	NA	fastq	SFGB144_141_L001_R1_001.fastq.gz	SFGB144_141_L001_R2_001.fastq.gz				
SRR37734461	SRP685577	new	PRJNA1440534	SAMN56660656	Greenhouse_16S_SFGB145	SFGB145_Greenhouse_16S_reads	AMPLICON	GENOMIC	PCR	paired	ILLUMINA	Illumina MiSeq	NA	fastq	SFGB145_34_L001_R1_001.fastq.gz	SFGB145_34_L001_R2_001.fastq.gz				
SRR37734460	SRP685577	new	PRJNA1440534	SAMN56660657	Greenhouse_16S_SFGB146	SFGB146_Greenhouse_16S_reads	AMPLICON	GENOMIC	PCR	paired	ILLUMINA	Illumina MiSeq	NA	fastq	SFGB146_67_L001_R1_001.fastq.gz	SFGB146_67_L001_R2_001.fastq.gz				
SRR37734459	SRP685577	new	PRJNA1440534	SAMN56660658	Greenhouse_16S_SFGB147	SFGB147_Greenhouse_16S_reads	AMPLICON	GENOMIC	PCR	paired	ILLUMINA	Illumina MiSeq	NA	fastq	SFGB147_44_L001_R1_001.fastq.gz	SFGB147_44_L001_R2_001.fastq.gz				
SRR37734458	SRP685577	new	PRJNA1440534	SAMN56660659	Greenhouse_16S_SFGB156	SFGB156_Greenhouse_16S_reads	AMPLICON	GENOMIC	PCR	paired	ILLUMINA	Illumina MiSeq	NA	fastq	SFGB156_147_L001_R1_001.fastq.gz	SFGB156_147_L001_R2_001.fastq.gz				
SRR37734457	SRP685577	new	PRJNA1440534	SAMN56660660	Greenhouse_16S_SFGB157	SFGB157_Greenhouse_16S_reads	AMPLICON	GENOMIC	PCR	paired	ILLUMINA	Illumina MiSeq	NA	fastq	SFGB157_20_L001_R1_001.fastq.gz	SFGB157_20_L001_R2_001.fastq.gz				
SRR37734456	SRP685577	new	PRJNA1440534	SAMN56660661	Greenhouse_16S_SFGB158	SFGB158_Greenhouse_16S_reads	AMPLICON	GENOMIC	PCR	paired	ILLUMINA	Illumina MiSeq	NA	fastq	SFGB158_87_L001_R1_001.fastq.gz	SFGB158_87_L001_R2_001.fastq.gz				
SRR37734455	SRP685577	new	PRJNA1440534	SAMN56660662	Greenhouse_16S_SFGB159	SFGB159_Greenhouse_16S_reads	AMPLICON	GENOMIC	PCR	paired	ILLUMINA	Illumina MiSeq	NA	fastq	SFGB159_111_L001_R1_001.fastq.gz	SFGB159_111_L001_R2_001.fastq.gz				
SRR37734454	SRP685577	new	PRJNA1440534	SAMN56660663	Greenhouse_16S_SFGB160	SFGB160_Greenhouse_16S_reads	AMPLICON	GENOMIC	PCR	paired	ILLUMINA	Illumina MiSeq	NA	fastq	SFGB160_170_L001_R1_001.fastq.gz	SFGB160_170_L001_R2_001.fastq.gz				
SRR37734453	SRP685577	new	PRJNA1440534	SAMN56660664	Greenhouse_16S_SFGB161	SFGB161_Greenhouse_16S_reads	AMPLICON	GENOMIC	PCR	paired	ILLUMINA	Illumina MiSeq	NA	fastq	SFGB161_143_L001_R1_001.fastq.gz	SFGB161_143_L001_R2_001.fastq.gz				
SRR37734451	SRP685577	new	PRJNA1440534	SAMN56660665	Greenhouse_16S_SFGB162	SFGB162_Greenhouse_16S_reads	AMPLICON	GENOMIC	PCR	paired	ILLUMINA	Illumina MiSeq	NA	fastq	SFGB162_131_L001_R1_001.fastq.gz	SFGB162_131_L001_R2_001.fastq.gz				
SRR37734450	SRP685577	new	PRJNA1440534	SAMN56660666	Greenhouse_16S_SFGB163	SFGB163_Greenhouse_16S_reads	AMPLICON	GENOMIC	PCR	paired	ILLUMINA	Illumina MiSeq	NA	fastq	SFGB163_45_L001_R1_001.fastq.gz	SFGB163_45_L001_R2_001.fastq.gz				
SRR37734449	SRP685577	new	PRJNA1440534	SAMN56660667	Greenhouse_16S_SFGB164	SFGB164_Greenhouse_16S_reads	AMPLICON	GENOMIC	PCR	paired	ILLUMINA	Illumina MiSeq	NA	fastq	SFGB164_94_L001_R1_001.fastq.gz	SFGB164_94_L001_R2_001.fastq.gz				
SRR37734448	SRP685577	new	PRJNA1440534	SAMN56660668	Greenhouse_16S_SFGB165	SFGB165_Greenhouse_16S_reads	AMPLICON	GENOMIC	PCR	paired	ILLUMINA	Illumina MiSeq	NA	fastq	SFGB165_90_L001_R1_001.fastq.gz	SFGB165_90_L001_R2_001.fastq.gz				
SRR37734447	SRP685577	new	PRJNA1440534	SAMN56660669	Greenhouse_16S_SFGB166	SFGB166_Greenhouse_16S_reads	AMPLICON	GENOMIC	PCR	paired	ILLUMINA	Illumina MiSeq	NA	fastq	SFGB166_117_L001_R1_001.fastq.gz	SFGB166_117_L001_R2_001.fastq.gz				
SRR37734446	SRP685577	new	PRJNA1440534	SAMN56660670	Greenhouse_16S_SFGB167	SFGB167_Greenhouse_16S_reads	AMPLICON	GENOMIC	PCR	paired	ILLUMINA	Illumina MiSeq	NA	fastq	SFGB167_32_L001_R1_001.fastq.gz	SFGB167_32_L001_R2_001.fastq.gz				
SRR37734445	SRP685577	new	PRJNA1440534	SAMN56660671	Greenhouse_16S_SFGB168	SFGB168_Greenhouse_16S_reads	AMPLICON	GENOMIC	PCR	paired	ILLUMINA	Illumina MiSeq	NA	fastq	SFGB168_63_L001_R1_001.fastq.gz	SFGB168_63_L001_R2_001.fastq.gz				
SRR37734444	SRP685577	new	PRJNA1440534	SAMN56660672	Greenhouse_16S_SFGB169	SFGB169_Greenhouse_16S_reads	AMPLICON	GENOMIC	PCR	paired	ILLUMINA	Illumina MiSeq	NA	fastq	SFGB169_88_L001_R1_001.fastq.gz	SFGB169_88_L001_R2_001.fastq.gz				
SRR37734443	SRP685577	new	PRJNA1440534	SAMN56660673	Greenhouse_16S_SFGB170	SFGB170_Greenhouse_16S_reads	AMPLICON	GENOMIC	PCR	paired	ILLUMINA	Illumina MiSeq	NA	fastq	SFGB170_123_L001_R1_001.fastq.gz	SFGB170_123_L001_R2_001.fastq.gz				
SRR37734442	SRP685577	new	PRJNA1440534	SAMN56660674	Greenhouse_16S_SFGB171	SFGB171_Greenhouse_16S_reads	AMPLICON	GENOMIC	PCR	paired	ILLUMINA	Illumina MiSeq	NA	fastq	SFGB171_119_L001_R1_001.fastq.gz	SFGB171_119_L001_R2_001.fastq.gz				
SRR37734440	SRP685577	new	PRJNA1440534	SAMN56660675	Greenhouse_16S_SFGB84	SFGB84_Greenhouse_16S_reads	AMPLICON	GENOMIC	PCR	paired	ILLUMINA	Illumina MiSeq	NA	fastq	SFGB84_122_L001_R1_001.fastq.gz	SFGB84_122_L001_R2_001.fastq.gz				
SRR37734439	SRP685577	new	PRJNA1440534	SAMN56660676	Greenhouse_16S_SFGB85	SFGB85_Greenhouse_16S_reads	AMPLICON	GENOMIC	PCR	paired	ILLUMINA	Illumina MiSeq	NA	fastq	SFGB85_22_L001_R1_001.fastq.gz	SFGB85_22_L001_R2_001.fastq.gz				
SRR37734438	SRP685577	new	PRJNA1440534	SAMN56660677	Greenhouse_16S_SFGB86	SFGB86_Greenhouse_16S_reads	AMPLICON	GENOMIC	PCR	paired	ILLUMINA	Illumina MiSeq	NA	fastq	SFGB86_121_L001_R1_001.fastq.gz	SFGB86_121_L001_R2_001.fastq.gz				
SRR37734437	SRP685577	new	PRJNA1440534	SAMN56660678	Greenhouse_16S_SFGB87	SFGB87_Greenhouse_16S_reads	AMPLICON	GENOMIC	PCR	paired	ILLUMINA	Illumina MiSeq	NA	fastq	SFGB87_104_L001_R1_001.fastq.gz	SFGB87_104_L001_R2_001.fastq.gz				
SRR37734436	SRP685577	new	PRJNA1440534	SAMN56660679	Greenhouse_16S_SFGB88	SFGB88_Greenhouse_16S_reads	AMPLICON	GENOMIC	PCR	paired	ILLUMINA	Illumina MiSeq	NA	fastq	SFGB88_96_L001_R1_001.fastq.gz	SFGB88_96_L001_R2_001.fastq.gz				
SRR37734435	SRP685577	new	PRJNA1440534	SAMN56660680	Greenhouse_16S_SFGB89	SFGB89_Greenhouse_16S_reads	AMPLICON	GENOMIC	PCR	paired	ILLUMINA	Illumina MiSeq	NA	fastq	SFGB89_89_L001_R1_001.fastq.gz	SFGB89_89_L001_R2_001.fastq.gz				
SRR37734434	SRP685577	new	PRJNA1440534	SAMN56660681	Greenhouse_16S_SFGB90	SFGB90_Greenhouse_16S_reads	AMPLICON	GENOMIC	PCR	paired	ILLUMINA	Illumina MiSeq	NA	fastq	SFGB90_110_L001_R1_001.fastq.gz	SFGB90_110_L001_R2_001.fastq.gz				
SRR37734433	SRP685577	new	PRJNA1440534	SAMN56660682	Greenhouse_16S_SFGB91	SFGB91_Greenhouse_16S_reads	AMPLICON	GENOMIC	PCR	paired	ILLUMINA	Illumina MiSeq	NA	fastq	SFGB91_153_L001_R1_001.fastq.gz	SFGB91_153_L001_R2_001.fastq.gz				
SRR37734432	SRP685577	new	PRJNA1440534	SAMN56660683	Greenhouse_16S_SFGBB1	SFGBB1_Greenhouse_16S_reads	AMPLICON	GENOMIC	PCR	paired	ILLUMINA	Illumina MiSeq	NA	fastq	SFGBB1_180_L001_R1_001.fastq.gz	SFGBB1_180_L001_R2_001.fastq.gz				
SRR37734431	SRP685577	new	PRJNA1440534	SAMN56660684	Greenhouse_16S_SFGBB2	SFGBB2_Greenhouse_16S_reads	AMPLICON	GENOMIC	PCR	paired	ILLUMINA	Illumina MiSeq	NA	fastq	SFGBB2_160_L001_R1_001.fastq.gz	SFGBB2_160_L001_R2_001.fastq.gz				
SRR37734429	SRP685577	new	PRJNA1440534	SAMN56660685	Greenhouse_16S_SFGBB3	SFGBB3_Greenhouse_16S_reads	AMPLICON	GENOMIC	PCR	paired	ILLUMINA	Illumina MiSeq	NA	fastq	SFGBB3_184_L001_R1_001.fastq.gz	SFGBB3_184_L001_R2_001.fastq.gz				
SRR37734428	SRP685577	new	PRJNA1440534	SAMN56660686	Greenhouse_16S_SFGBB4	SFGBB4_Greenhouse_16S_reads	AMPLICON	GENOMIC	PCR	paired	ILLUMINA	Illumina MiSeq	NA	fastq	SFGBB4_182_L001_R1_001.fastq.gz	SFGBB4_182_L001_R2_001.fastq.gz				
SRR37734427	SRP685577	new	PRJNA1440534	SAMN56660687	Greenhouse_16S_SFGBB5	SFGBB5_Greenhouse_16S_reads	AMPLICON	GENOMIC	PCR	paired	ILLUMINA	Illumina MiSeq	NA	fastq	SFGBB5_176_L001_R1_001.fastq.gz	SFGBB5_176_L001_R2_001.fastq.gz				
SRR37734426	SRP685577	new	PRJNA1440534	SAMN56660688	Greenhouse_16S_SFGBB6	SFGBB6_Greenhouse_16S_reads	AMPLICON	GENOMIC	PCR	paired	ILLUMINA	Illumina MiSeq	NA	fastq	SFGBB6_183_L001_R1_001.fastq.gz	SFGBB6_183_L001_R2_001.fastq.gz				
SRR37734425	SRP685577	new	PRJNA1440534	SAMN56660689	Greenhouse_16S_SFGBB7	SFGBB7_Greenhouse_16S_reads	AMPLICON	GENOMIC	PCR	paired	ILLUMINA	Illumina MiSeq	NA	fastq	SFGBB7_175_L001_R1_001.fastq.gz	SFGBB7_175_L001_R2_001.fastq.gz				
SRR37734424	SRP685577	new	PRJNA1440534	SAMN56660690	Greenhouse_16S_SFGBB8	SFGBB8_Greenhouse_16S_reads	AMPLICON	GENOMIC	PCR	paired	ILLUMINA	Illumina MiSeq	NA	fastq	SFGBB8_161_L001_R1_001.fastq.gz	SFGBB8_161_L001_R2_001.fastq.gz				
SRR37734423	SRP685577	new	PRJNA1440534	SAMN56660691	Greenhouse_16S_SFGBB9	SFGBB9_Greenhouse_16S_reads	AMPLICON	GENOMIC	PCR	paired	ILLUMINA	Illumina MiSeq	NA	fastq	SFGBB9_179_L001_R1_001.fastq.gz	SFGBB9_179_L001_R2_001.fastq.gz				
SRR37734422	SRP685577	new	PRJNA1440534	SAMN56660692	Greenhouse_16S_SFGBB10	SFGBB10_Greenhouse_16S_reads	AMPLICON	GENOMIC	PCR	paired	ILLUMINA	Illumina MiSeq	NA	fastq	SFGBB10_181_L001_R1_001.fastq.gz	SFGBB10_181_L001_R2_001.fastq.gz				
SRR37734421	SRP685577	new	PRJNA1440534	SAMN56660693	Greenhouse_16S_SFGBB11	SFGBB11_Greenhouse_16S_reads	AMPLICON	GENOMIC	PCR	paired	ILLUMINA	Illumina MiSeq	NA	fastq	SFGBB11_177_L001_R1_001.fastq.gz	SFGBB11_177_L001_R2_001.fastq.gz				
