accession	study	object_status	bioproject_accession	biosample_accession	sample_name	library_ID	title	library_strategy	library_source	library_selection	library_layout	platform	instrument_model	design_description	filetype	filename	filename2	filename3	filename4	assembly	fasta_file
SRR37734009	SRP685577	new	PRJNA1440534	SAMN56660592	RT10	Greenhouse_ITS_RT10	RT10_Greenhouse_ITS_reads	AMPLICON	GENOMIC	PCR	paired	ILLUMINA	Illumina MiSeq	NA	fastq	RT10_155_L001_R1_001.fastq.gz	RT10_155_L001_R2_001.fastq.gz				
SRR37734008	SRP685577	new	PRJNA1440534	SAMN56660593	RT11	Greenhouse_ITS_RT11	RT11_Greenhouse_ITS_reads	AMPLICON	GENOMIC	PCR	paired	ILLUMINA	Illumina MiSeq	NA	fastq	RT11_197_L001_R1_001.fastq.gz	RT11_197_L001_R2_001.fastq.gz				
SRR37733995	SRP685577	new	PRJNA1440534	SAMN56660594	RT12	Greenhouse_ITS_RT12	RT12_Greenhouse_ITS_reads	AMPLICON	GENOMIC	PCR	paired	ILLUMINA	Illumina MiSeq	NA	fastq	RT12_240_L001_R1_001.fastq.gz	RT12_240_L001_R2_001.fastq.gz				
SRR37733984	SRP685577	new	PRJNA1440534	SAMN56660595	RT13	Greenhouse_ITS_RT13	RT13_Greenhouse_ITS_reads	AMPLICON	GENOMIC	PCR	paired	ILLUMINA	Illumina MiSeq	NA	fastq	RT13_270_L001_R1_001.fastq.gz	RT13_270_L001_R2_001.fastq.gz				
SRR37733963	SRP685577	new	PRJNA1440534	SAMN56660596	RT21	Greenhouse_ITS_RT21	RT21_Greenhouse_ITS_reads	AMPLICON	GENOMIC	PCR	paired	ILLUMINA	Illumina MiSeq	NA	fastq	RT21_259_L001_R1_001.fastq.gz	RT21_259_L001_R2_001.fastq.gz				
SRR37733952	SRP685577	new	PRJNA1440534	SAMN56660597	RT22	Greenhouse_ITS_RT22	RT22_Greenhouse_ITS_reads	AMPLICON	GENOMIC	PCR	paired	ILLUMINA	Illumina MiSeq	NA	fastq	RT22_171_L001_R1_001.fastq.gz	RT22_171_L001_R2_001.fastq.gz				
SRR37733941	SRP685577	new	PRJNA1440534	SAMN56660598	RT23	Greenhouse_ITS_RT23	RT23_Greenhouse_ITS_reads	AMPLICON	GENOMIC	PCR	paired	ILLUMINA	Illumina MiSeq	NA	fastq	RT23_3_L001_R1_001.fastq.gz	RT23_3_L001_R2_001.fastq.gz				
SRR37733930	SRP685577	new	PRJNA1440534	SAMN56660599	RT24	Greenhouse_ITS_RT24	RT24_Greenhouse_ITS_reads	AMPLICON	GENOMIC	PCR	paired	ILLUMINA	Illumina MiSeq	NA	fastq	RT24_146_L001_R1_001.fastq.gz	RT24_146_L001_R2_001.fastq.gz				
SRR37733919	SRP685577	new	PRJNA1440534	SAMN56660600	RT25	Greenhouse_ITS_RT25	RT25_Greenhouse_ITS_reads	AMPLICON	GENOMIC	PCR	paired	ILLUMINA	Illumina MiSeq	NA	fastq	RT25_182_L001_R1_001.fastq.gz	RT25_182_L001_R2_001.fastq.gz				
SRR37733908	SRP685577	new	PRJNA1440534	SAMN56660601	RT26	Greenhouse_ITS_RT26	RT26_Greenhouse_ITS_reads	AMPLICON	GENOMIC	PCR	paired	ILLUMINA	Illumina MiSeq	NA	fastq	RT26_207_L001_R1_001.fastq.gz	RT26_207_L001_R2_001.fastq.gz				
SRR37734007	SRP685577	new	PRJNA1440534	SAMN56660602	RT27	Greenhouse_ITS_RT27	RT27_Greenhouse_ITS_reads	AMPLICON	GENOMIC	PCR	paired	ILLUMINA	Illumina MiSeq	NA	fastq	RT27_156_L001_R1_001.fastq.gz	RT27_156_L001_R2_001.fastq.gz				
SRR37734004	SRP685577	new	PRJNA1440534	SAMN56660603	RT28	Greenhouse_ITS_RT28	RT28_Greenhouse_ITS_reads	AMPLICON	GENOMIC	PCR	paired	ILLUMINA	Illumina MiSeq	NA	fastq	RT28_101_L001_R1_001.fastq.gz	RT28_101_L001_R2_001.fastq.gz				
SRR37734003	SRP685577	new	PRJNA1440534	SAMN56660604	RT29	Greenhouse_ITS_RT29	RT29_Greenhouse_ITS_reads	AMPLICON	GENOMIC	PCR	paired	ILLUMINA	Illumina MiSeq	NA	fastq	RT29_7_L001_R1_001.fastq.gz	RT29_7_L001_R2_001.fastq.gz				
SRR37734002	SRP685577	new	PRJNA1440534	SAMN56660605	RT30	Greenhouse_ITS_RT30	RT30_Greenhouse_ITS_reads	AMPLICON	GENOMIC	PCR	paired	ILLUMINA	Illumina MiSeq	NA	fastq	RT30_100_L001_R1_001.fastq.gz	RT30_100_L001_R2_001.fastq.gz				
SRR37734001	SRP685577	new	PRJNA1440534	SAMN56660606	RT31	Greenhouse_ITS_RT31	RT31_Greenhouse_ITS_reads	AMPLICON	GENOMIC	PCR	paired	ILLUMINA	Illumina MiSeq	NA	fastq	RT31_53_L001_R1_001.fastq.gz	RT31_53_L001_R2_001.fastq.gz				
SRR37734000	SRP685577	new	PRJNA1440534	SAMN56660607	RT32	Greenhouse_ITS_RT32	RT32_Greenhouse_ITS_reads	AMPLICON	GENOMIC	PCR	paired	ILLUMINA	Illumina MiSeq	NA	fastq	RT32_267_L001_R1_001.fastq.gz	RT32_267_L001_R2_001.fastq.gz				
SRR37733999	SRP685577	new	PRJNA1440534	SAMN56660608	RT33	Greenhouse_ITS_RT33	RT33_Greenhouse_ITS_reads	AMPLICON	GENOMIC	PCR	paired	ILLUMINA	Illumina MiSeq	NA	fastq	RT33_91_L001_R1_001.fastq.gz	RT33_91_L001_R2_001.fastq.gz				
SRR37733998	SRP685577	new	PRJNA1440534	SAMN56660609	RT34	Greenhouse_ITS_RT34	RT34_Greenhouse_ITS_reads	AMPLICON	GENOMIC	PCR	paired	ILLUMINA	Illumina MiSeq	NA	fastq	RT34_33_L001_R1_001.fastq.gz	RT34_33_L001_R2_001.fastq.gz				
SRR37733997	SRP685577	new	PRJNA1440534	SAMN56660610	RT56	Greenhouse_ITS_RT56	RT56_Greenhouse_ITS_reads	AMPLICON	GENOMIC	PCR	paired	ILLUMINA	Illumina MiSeq	NA	fastq	RT56_47_L001_R1_001.fastq.gz	RT56_47_L001_R2_001.fastq.gz				
SRR37733996	SRP685577	new	PRJNA1440534	SAMN56660611	RT57	Greenhouse_ITS_RT57	RT57_Greenhouse_ITS_reads	AMPLICON	GENOMIC	PCR	paired	ILLUMINA	Illumina MiSeq	NA	fastq	RT57_199_L001_R1_001.fastq.gz	RT57_199_L001_R2_001.fastq.gz				
SRR37733994	SRP685577	new	PRJNA1440534	SAMN56660612	RT58	Greenhouse_ITS_RT58	RT58_Greenhouse_ITS_reads	AMPLICON	GENOMIC	PCR	paired	ILLUMINA	Illumina MiSeq	NA	fastq	RT58_183_L001_R1_001.fastq.gz	RT58_183_L001_R2_001.fastq.gz				
SRR37733993	SRP685577	new	PRJNA1440534	SAMN56660613	RT59	Greenhouse_ITS_RT59	RT59_Greenhouse_ITS_reads	AMPLICON	GENOMIC	PCR	paired	ILLUMINA	Illumina MiSeq	NA	fastq	RT59_126_L001_R1_001.fastq.gz	RT59_126_L001_R2_001.fastq.gz				
SRR37733992	SRP685577	new	PRJNA1440534	SAMN56660614	RT60	Greenhouse_ITS_RT60	RT60_Greenhouse_ITS_reads	AMPLICON	GENOMIC	PCR	paired	ILLUMINA	Illumina MiSeq	NA	fastq	RT60_234_L001_R1_001.fastq.gz	RT60_234_L001_R2_001.fastq.gz				
SRR37733991	SRP685577	new	PRJNA1440534	SAMN56660615	RT61	Greenhouse_ITS_RT61	RT61_Greenhouse_ITS_reads	AMPLICON	GENOMIC	PCR	paired	ILLUMINA	Illumina MiSeq	NA	fastq	RT61_187_L001_R1_001.fastq.gz	RT61_187_L001_R2_001.fastq.gz				
SRR37733990	SRP685577	new	PRJNA1440534	SAMN56660616	RT62	Greenhouse_ITS_RT62	RT62_Greenhouse_ITS_reads	AMPLICON	GENOMIC	PCR	paired	ILLUMINA	Illumina MiSeq	NA	fastq	RT62_142_L001_R1_001.fastq.gz	RT62_142_L001_R2_001.fastq.gz				
SRR37733989	SRP685577	new	PRJNA1440534	SAMN56660617	RT69	Greenhouse_ITS_RT69	RT69_Greenhouse_ITS_reads	AMPLICON	GENOMIC	PCR	paired	ILLUMINA	Illumina MiSeq	NA	fastq	RT69_136_L001_R1_001.fastq.gz	RT69_136_L001_R2_001.fastq.gz				
SRR37733988	SRP685577	new	PRJNA1440534	SAMN56660618	RT70	Greenhouse_ITS_RT70	RT70_Greenhouse_ITS_reads	AMPLICON	GENOMIC	PCR	paired	ILLUMINA	Illumina MiSeq	NA	fastq	RT70_44_L001_R1_001.fastq.gz	RT70_44_L001_R2_001.fastq.gz				
SRR37733987	SRP685577	new	PRJNA1440534	SAMN56660619	RT71	Greenhouse_ITS_RT71	RT71_Greenhouse_ITS_reads	AMPLICON	GENOMIC	PCR	paired	ILLUMINA	Illumina MiSeq	NA	fastq	RT71_41_L001_R1_001.fastq.gz	RT71_41_L001_R2_001.fastq.gz				
SRR37733986	SRP685577	new	PRJNA1440534	SAMN56660620	RT72	Greenhouse_ITS_RT72	RT72_Greenhouse_ITS_reads	AMPLICON	GENOMIC	PCR	paired	ILLUMINA	Illumina MiSeq	NA	fastq	RT72_144_L001_R1_001.fastq.gz	RT72_144_L001_R2_001.fastq.gz				
SRR37733985	SRP685577	new	PRJNA1440534	SAMN56660621	RT73	Greenhouse_ITS_RT73	RT73_Greenhouse_ITS_reads	AMPLICON	GENOMIC	PCR	paired	ILLUMINA	Illumina MiSeq	NA	fastq	RT73_63_L001_R1_001.fastq.gz	RT73_63_L001_R2_001.fastq.gz				
SRR37733983	SRP685577	new	PRJNA1440534	SAMN56660622	RT74	Greenhouse_ITS_RT74	RT74_Greenhouse_ITS_reads	AMPLICON	GENOMIC	PCR	paired	ILLUMINA	Illumina MiSeq	NA	fastq	RT74_86_L001_R1_001.fastq.gz	RT74_86_L001_R2_001.fastq.gz				
SRR37733982	SRP685577	new	PRJNA1440534	SAMN56660623	RT75	Greenhouse_ITS_RT75	RT75_Greenhouse_ITS_reads	AMPLICON	GENOMIC	PCR	paired	ILLUMINA	Illumina MiSeq	NA	fastq	RT75_215_L001_R1_001.fastq.gz	RT75_215_L001_R2_001.fastq.gz				
SRR37733971	SRP685577	new	PRJNA1440534	SAMN56660624	RT76	Greenhouse_ITS_RT76	RT76_Greenhouse_ITS_reads	AMPLICON	GENOMIC	PCR	paired	ILLUMINA	Illumina MiSeq	NA	fastq	RT76_263_L001_R1_001.fastq.gz	RT76_263_L001_R2_001.fastq.gz				
SRR37733970	SRP685577	new	PRJNA1440534	SAMN56660625	RT77	Greenhouse_ITS_RT77	RT77_Greenhouse_ITS_reads	AMPLICON	GENOMIC	PCR	paired	ILLUMINA	Illumina MiSeq	NA	fastq	RT77_180_L001_R1_001.fastq.gz	RT77_180_L001_R2_001.fastq.gz				
SRR37733969	SRP685577	new	PRJNA1440534	SAMN56660626	RT78	Greenhouse_ITS_RT78	RT78_Greenhouse_ITS_reads	AMPLICON	GENOMIC	PCR	paired	ILLUMINA	Illumina MiSeq	NA	fastq	RT78_148_L001_R1_001.fastq.gz	RT78_148_L001_R2_001.fastq.gz				
SRR37733968	SRP685577	new	PRJNA1440534	SAMN56660627	RT79	Greenhouse_ITS_RT79	RT79_Greenhouse_ITS_reads	AMPLICON	GENOMIC	PCR	paired	ILLUMINA	Illumina MiSeq	NA	fastq	RT79_162_L001_R1_001.fastq.gz	RT79_162_L001_R2_001.fastq.gz				
SRR37733967	SRP685577	new	PRJNA1440534	SAMN56660628	RT8	Greenhouse_ITS_RT8	RT8_Greenhouse_ITS_reads	AMPLICON	GENOMIC	PCR	paired	ILLUMINA	Illumina MiSeq	NA	fastq	RT8_230_L001_R1_001.fastq.gz	RT8_230_L001_R2_001.fastq.gz				
SRR37733966	SRP685577	new	PRJNA1440534	SAMN56660629	RT80	Greenhouse_ITS_RT80	RT80_Greenhouse_ITS_reads	AMPLICON	GENOMIC	PCR	paired	ILLUMINA	Illumina MiSeq	NA	fastq	RT80_23_L001_R1_001.fastq.gz	RT80_23_L001_R2_001.fastq.gz				
SRR37733965	SRP685577	new	PRJNA1440534	SAMN56660630	RT81	Greenhouse_ITS_RT81	RT81_Greenhouse_ITS_reads	AMPLICON	GENOMIC	PCR	paired	ILLUMINA	Illumina MiSeq	NA	fastq	RT81_238_L001_R1_001.fastq.gz	RT81_238_L001_R2_001.fastq.gz				
SRR37733964	SRP685577	new	PRJNA1440534	SAMN56660631	RT9	Greenhouse_ITS_RT9	RT9_Greenhouse_ITS_reads	AMPLICON	GENOMIC	PCR	paired	ILLUMINA	Illumina MiSeq	NA	fastq	RT9_265_L001_R1_001.fastq.gz	RT9_265_L001_R2_001.fastq.gz				
SRR37733962	SRP685577	new	PRJNA1440534	SAMN56660632	RTB1	Greenhouse_ITS_RTB1	RTB1_Greenhouse_ITS_reads	AMPLICON	GENOMIC	PCR	paired	ILLUMINA	Illumina MiSeq	NA	fastq	RTB1_58_L001_R1_001.fastq.gz	RTB1_58_L001_R2_001.fastq.gz				
SRR37733961	SRP685577	new	PRJNA1440534	SAMN56660633	RTB2	Greenhouse_ITS_RTB2	RTB2_Greenhouse_ITS_reads	AMPLICON	GENOMIC	PCR	paired	ILLUMINA	Illumina MiSeq	NA	fastq	RTB2_231_L001_R1_001.fastq.gz	RTB2_231_L001_R2_001.fastq.gz				
SRR37733960	SRP685577	new	PRJNA1440534	SAMN56660634	RTB3	Greenhouse_ITS_RTB3	RTB3_Greenhouse_ITS_reads	AMPLICON	GENOMIC	PCR	paired	ILLUMINA	Illumina MiSeq	NA	fastq	RTB3_39_L001_R1_001.fastq.gz	RTB3_39_L001_R2_001.fastq.gz				
SRR37733959	SRP685577	new	PRJNA1440534	SAMN56660635	SFGB100	Greenhouse_ITS_SFGB100	SFGB100_Greenhouse_ITS_reads	AMPLICON	GENOMIC	PCR	paired	ILLUMINA	Illumina MiSeq	NA	fastq	SFGB100_217_L001_R1_001.fastq.gz	SFGB100_217_L001_R2_001.fastq.gz				
SRR37733958	SRP685577	new	PRJNA1440534	SAMN56660636	SFGB101	Greenhouse_ITS_SFGB101	SFGB101_Greenhouse_ITS_reads	AMPLICON	GENOMIC	PCR	paired	ILLUMINA	Illumina MiSeq	NA	fastq	SFGB101_61_L001_R1_001.fastq.gz	SFGB101_61_L001_R2_001.fastq.gz				
SRR37733957	SRP685577	new	PRJNA1440534	SAMN56660637	SFGB102	Greenhouse_ITS_SFGB102	SFGB102_Greenhouse_ITS_reads	AMPLICON	GENOMIC	PCR	paired	ILLUMINA	Illumina MiSeq	NA	fastq	SFGB102_153_L001_R1_001.fastq.gz	SFGB102_153_L001_R2_001.fastq.gz				
SRR37733956	SRP685577	new	PRJNA1440534	SAMN56660638	SFGB103	Greenhouse_ITS_SFGB103	SFGB103_Greenhouse_ITS_reads	AMPLICON	GENOMIC	PCR	paired	ILLUMINA	Illumina MiSeq	NA	fastq	SFGB103_174_L001_R1_001.fastq.gz	SFGB103_174_L001_R2_001.fastq.gz				
SRR37733955	SRP685577	new	PRJNA1440534	SAMN56660639	SFGB104	Greenhouse_ITS_SFGB104	SFGB104_Greenhouse_ITS_reads	AMPLICON	GENOMIC	PCR	paired	ILLUMINA	Illumina MiSeq	NA	fastq	SFGB104_250_L001_R1_001.fastq.gz	SFGB104_250_L001_R2_001.fastq.gz				
SRR37733954	SRP685577	new	PRJNA1440534	SAMN56660640	SFGB105	Greenhouse_ITS_SFGB105	SFGB105_Greenhouse_ITS_reads	AMPLICON	GENOMIC	PCR	paired	ILLUMINA	Illumina MiSeq	NA	fastq	SFGB105_204_L001_R1_001.fastq.gz	SFGB105_204_L001_R2_001.fastq.gz				
SRR37733953	SRP685577	new	PRJNA1440534	SAMN56660641	SFGB106	Greenhouse_ITS_SFGB106	SFGB106_Greenhouse_ITS_reads	AMPLICON	GENOMIC	PCR	paired	ILLUMINA	Illumina MiSeq	NA	fastq	SFGB106_64_L001_R1_001.fastq.gz	SFGB106_64_L001_R2_001.fastq.gz				
SRR37733951	SRP685577	new	PRJNA1440534	SAMN56660642	SFGB107	Greenhouse_ITS_SFGB107	SFGB107_Greenhouse_ITS_reads	AMPLICON	GENOMIC	PCR	paired	ILLUMINA	Illumina MiSeq	NA	fastq	SFGB107_69_L001_R1_001.fastq.gz	SFGB107_69_L001_R2_001.fastq.gz				
SRR37733950	SRP685577	new	PRJNA1440534	SAMN56660643	SFGB108	Greenhouse_ITS_SFGB108	SFGB108_Greenhouse_ITS_reads	AMPLICON	GENOMIC	PCR	paired	ILLUMINA	Illumina MiSeq	NA	fastq	SFGB108_198_L001_R1_001.fastq.gz	SFGB108_198_L001_R2_001.fastq.gz				
SRR37733949	SRP685577	new	PRJNA1440534	SAMN56660644	SFGB109	Greenhouse_ITS_SFGB109	SFGB109_Greenhouse_ITS_reads	AMPLICON	GENOMIC	PCR	paired	ILLUMINA	Illumina MiSeq	NA	fastq	SFGB109_135_L001_R1_001.fastq.gz	SFGB109_135_L001_R2_001.fastq.gz				
SRR37733948	SRP685577	new	PRJNA1440534	SAMN56660645	SFGB110	Greenhouse_ITS_SFGB110	SFGB110_Greenhouse_ITS_reads	AMPLICON	GENOMIC	PCR	paired	ILLUMINA	Illumina MiSeq	NA	fastq	SFGB110_214_L001_R1_001.fastq.gz	SFGB110_214_L001_R2_001.fastq.gz				
SRR37733947	SRP685577	new	PRJNA1440534	SAMN56660646	SFGB111	Greenhouse_ITS_SFGB111	SFGB111_Greenhouse_ITS_reads	AMPLICON	GENOMIC	PCR	paired	ILLUMINA	Illumina MiSeq	NA	fastq	SFGB111_184_L001_R1_001.fastq.gz	SFGB111_184_L001_R2_001.fastq.gz				
SRR37733946	SRP685577	new	PRJNA1440534	SAMN56660647	SFGB112	Greenhouse_ITS_SFGB112	SFGB112_Greenhouse_ITS_reads	AMPLICON	GENOMIC	PCR	paired	ILLUMINA	Illumina MiSeq	NA	fastq	SFGB112_133_L001_R1_001.fastq.gz	SFGB112_133_L001_R2_001.fastq.gz				
SRR37733945	SRP685577	new	PRJNA1440534	SAMN56660648	SFGB113	Greenhouse_ITS_SFGB113	SFGB113_Greenhouse_ITS_reads	AMPLICON	GENOMIC	PCR	paired	ILLUMINA	Illumina MiSeq	NA	fastq	SFGB113_164_L001_R1_001.fastq.gz	SFGB113_164_L001_R2_001.fastq.gz				
SRR37733944	SRP685577	new	PRJNA1440534	SAMN56660649	SFGB114	Greenhouse_ITS_SFGB114	SFGB114_Greenhouse_ITS_reads	AMPLICON	GENOMIC	PCR	paired	ILLUMINA	Illumina MiSeq	NA	fastq	SFGB114_244_L001_R1_001.fastq.gz	SFGB114_244_L001_R2_001.fastq.gz				
SRR37733943	SRP685577	new	PRJNA1440534	SAMN56660650	SFGB115	Greenhouse_ITS_SFGB115	SFGB115_Greenhouse_ITS_reads	AMPLICON	GENOMIC	PCR	paired	ILLUMINA	Illumina MiSeq	NA	fastq	SFGB115_232_L001_R1_001.fastq.gz	SFGB115_232_L001_R2_001.fastq.gz				
SRR37733942	SRP685577	new	PRJNA1440534	SAMN56660651	SFGB140	Greenhouse_ITS_SFGB140	SFGB140_Greenhouse_ITS_reads	AMPLICON	GENOMIC	PCR	paired	ILLUMINA	Illumina MiSeq	NA	fastq	SFGB140_113_L001_R1_001.fastq.gz	SFGB140_113_L001_R2_001.fastq.gz				
SRR37733940	SRP685577	new	PRJNA1440534	SAMN56660652	SFGB141	Greenhouse_ITS_SFGB141	SFGB141_Greenhouse_ITS_reads	AMPLICON	GENOMIC	PCR	paired	ILLUMINA	Illumina MiSeq	NA	fastq	SFGB141_81_L001_R1_001.fastq.gz	SFGB141_81_L001_R2_001.fastq.gz				
SRR37733939	SRP685577	new	PRJNA1440534	SAMN56660653	SFGB142	Greenhouse_ITS_SFGB142	SFGB142_Greenhouse_ITS_reads	AMPLICON	GENOMIC	PCR	paired	ILLUMINA	Illumina MiSeq	NA	fastq	SFGB142_193_L001_R1_001.fastq.gz	SFGB142_193_L001_R2_001.fastq.gz				
SRR37733938	SRP685577	new	PRJNA1440534	SAMN56660654	SFGB143	Greenhouse_ITS_SFGB143	SFGB143_Greenhouse_ITS_reads	AMPLICON	GENOMIC	PCR	paired	ILLUMINA	Illumina MiSeq	NA	fastq	SFGB143_191_L001_R1_001.fastq.gz	SFGB143_191_L001_R2_001.fastq.gz				
SRR37733937	SRP685577	new	PRJNA1440534	SAMN56660655	SFGB144	Greenhouse_ITS_SFGB144	SFGB144_Greenhouse_ITS_reads	AMPLICON	GENOMIC	PCR	paired	ILLUMINA	Illumina MiSeq	NA	fastq	SFGB144_94_L001_R1_001.fastq.gz	SFGB144_94_L001_R2_001.fastq.gz				
SRR37733936	SRP685577	new	PRJNA1440534	SAMN56660656	SFGB145	Greenhouse_ITS_SFGB145	SFGB145_Greenhouse_ITS_reads	AMPLICON	GENOMIC	PCR	paired	ILLUMINA	Illumina MiSeq	NA	fastq	SFGB145_25_L001_R1_001.fastq.gz	SFGB145_25_L001_R2_001.fastq.gz				
SRR37733935	SRP685577	new	PRJNA1440534	SAMN56660657	SFGB146	Greenhouse_ITS_SFGB146	SFGB146_Greenhouse_ITS_reads	AMPLICON	GENOMIC	PCR	paired	ILLUMINA	Illumina MiSeq	NA	fastq	SFGB146_109_L001_R1_001.fastq.gz	SFGB146_109_L001_R2_001.fastq.gz				
SRR37733934	SRP685577	new	PRJNA1440534	SAMN56660658	SFGB147	Greenhouse_ITS_SFGB147	SFGB147_Greenhouse_ITS_reads	AMPLICON	GENOMIC	PCR	paired	ILLUMINA	Illumina MiSeq	NA	fastq	SFGB147_102_L001_R1_001.fastq.gz	SFGB147_102_L001_R2_001.fastq.gz				
SRR37733933	SRP685577	new	PRJNA1440534	SAMN56660659	SFGB156	Greenhouse_ITS_SFGB156	SFGB156_Greenhouse_ITS_reads	AMPLICON	GENOMIC	PCR	paired	ILLUMINA	Illumina MiSeq	NA	fastq	SFGB156_141_L001_R1_001.fastq.gz	SFGB156_141_L001_R2_001.fastq.gz				
SRR37733932	SRP685577	new	PRJNA1440534	SAMN56660660	SFGB157	Greenhouse_ITS_SFGB157	SFGB157_Greenhouse_ITS_reads	AMPLICON	GENOMIC	PCR	paired	ILLUMINA	Illumina MiSeq	NA	fastq	SFGB157_138_L001_R1_001.fastq.gz	SFGB157_138_L001_R2_001.fastq.gz				
SRR37733931	SRP685577	new	PRJNA1440534	SAMN56660661	SFGB158	Greenhouse_ITS_SFGB158	SFGB158_Greenhouse_ITS_reads	AMPLICON	GENOMIC	PCR	paired	ILLUMINA	Illumina MiSeq	NA	fastq	SFGB158_268_L001_R1_001.fastq.gz	SFGB158_268_L001_R2_001.fastq.gz				
SRR37733929	SRP685577	new	PRJNA1440534	SAMN56660662	SFGB159	Greenhouse_ITS_SFGB159	SFGB159_Greenhouse_ITS_reads	AMPLICON	GENOMIC	PCR	paired	ILLUMINA	Illumina MiSeq	NA	fastq	SFGB159_258_L001_R1_001.fastq.gz	SFGB159_258_L001_R2_001.fastq.gz				
SRR37733928	SRP685577	new	PRJNA1440534	SAMN56660663	SFGB160	Greenhouse_ITS_SFGB160	SFGB160_Greenhouse_ITS_reads	AMPLICON	GENOMIC	PCR	paired	ILLUMINA	Illumina MiSeq	NA	fastq	SFGB160_71_L001_R1_001.fastq.gz	SFGB160_71_L001_R2_001.fastq.gz				
SRR37733927	SRP685577	new	PRJNA1440534	SAMN56660664	SFGB161	Greenhouse_ITS_SFGB161	SFGB161_Greenhouse_ITS_reads	AMPLICON	GENOMIC	PCR	paired	ILLUMINA	Illumina MiSeq	NA	fastq	SFGB161_195_L001_R1_001.fastq.gz	SFGB161_195_L001_R2_001.fastq.gz				
SRR37733926	SRP685577	new	PRJNA1440534	SAMN56660665	SFGB162	Greenhouse_ITS_SFGB162	SFGB162_Greenhouse_ITS_reads	AMPLICON	GENOMIC	PCR	paired	ILLUMINA	Illumina MiSeq	NA	fastq	SFGB162_42_L001_R1_001.fastq.gz	SFGB162_42_L001_R2_001.fastq.gz				
SRR37733925	SRP685577	new	PRJNA1440534	SAMN56660666	SFGB163	Greenhouse_ITS_SFGB163	SFGB163_Greenhouse_ITS_reads	AMPLICON	GENOMIC	PCR	paired	ILLUMINA	Illumina MiSeq	NA	fastq	SFGB163_115_L001_R1_001.fastq.gz	SFGB163_115_L001_R2_001.fastq.gz				
SRR37733924	SRP685577	new	PRJNA1440534	SAMN56660667	SFGB164	Greenhouse_ITS_SFGB164	SFGB164_Greenhouse_ITS_reads	AMPLICON	GENOMIC	PCR	paired	ILLUMINA	Illumina MiSeq	NA	fastq	SFGB164_216_L001_R1_001.fastq.gz	SFGB164_216_L001_R2_001.fastq.gz				
SRR37733923	SRP685577	new	PRJNA1440534	SAMN56660668	SFGB165	Greenhouse_ITS_SFGB165	SFGB165_Greenhouse_ITS_reads	AMPLICON	GENOMIC	PCR	paired	ILLUMINA	Illumina MiSeq	NA	fastq	SFGB165_185_L001_R1_001.fastq.gz	SFGB165_185_L001_R2_001.fastq.gz				
SRR37733922	SRP685577	new	PRJNA1440534	SAMN56660669	SFGB166	Greenhouse_ITS_SFGB166	SFGB166_Greenhouse_ITS_reads	AMPLICON	GENOMIC	PCR	paired	ILLUMINA	Illumina MiSeq	NA	fastq	SFGB166_241_L001_R1_001.fastq.gz	SFGB166_241_L001_R2_001.fastq.gz				
SRR37733921	SRP685577	new	PRJNA1440534	SAMN56660670	SFGB167	Greenhouse_ITS_SFGB167	SFGB167_Greenhouse_ITS_reads	AMPLICON	GENOMIC	PCR	paired	ILLUMINA	Illumina MiSeq	NA	fastq	SFGB167_254_L001_R1_001.fastq.gz	SFGB167_254_L001_R2_001.fastq.gz				
SRR37733920	SRP685577	new	PRJNA1440534	SAMN56660671	SFGB168	Greenhouse_ITS_SFGB168	SFGB168_Greenhouse_ITS_reads	AMPLICON	GENOMIC	PCR	paired	ILLUMINA	Illumina MiSeq	NA	fastq	SFGB168_143_L001_R1_001.fastq.gz	SFGB168_143_L001_R2_001.fastq.gz				
SRR37733918	SRP685577	new	PRJNA1440534	SAMN56660672	SFGB169	Greenhouse_ITS_SFGB169	SFGB169_Greenhouse_ITS_reads	AMPLICON	GENOMIC	PCR	paired	ILLUMINA	Illumina MiSeq	NA	fastq	SFGB169_87_L001_R1_001.fastq.gz	SFGB169_87_L001_R2_001.fastq.gz				
SRR37733917	SRP685577	new	PRJNA1440534	SAMN56660673	SFGB170	Greenhouse_ITS_SFGB170	SFGB170_Greenhouse_ITS_reads	AMPLICON	GENOMIC	PCR	paired	ILLUMINA	Illumina MiSeq	NA	fastq	SFGB170_65_L001_R1_001.fastq.gz	SFGB170_65_L001_R2_001.fastq.gz				
SRR37733916	SRP685577	new	PRJNA1440534	SAMN56660674	SFGB171	Greenhouse_ITS_SFGB171	SFGB171_Greenhouse_ITS_reads	AMPLICON	GENOMIC	PCR	paired	ILLUMINA	Illumina MiSeq	NA	fastq	SFGB171_253_L001_R1_001.fastq.gz	SFGB171_253_L001_R2_001.fastq.gz				
SRR37733915	SRP685577	new	PRJNA1440534	SAMN56660675	SFGB84	Greenhouse_ITS_SFGB84	SFGB84_Greenhouse_ITS_reads	AMPLICON	GENOMIC	PCR	paired	ILLUMINA	Illumina MiSeq	NA	fastq	SFGB84_83_L001_R1_001.fastq.gz	SFGB84_83_L001_R2_001.fastq.gz				
SRR37733914	SRP685577	new	PRJNA1440534	SAMN56660676	SFGB85	Greenhouse_ITS_SFGB85	SFGB85_Greenhouse_ITS_reads	AMPLICON	GENOMIC	PCR	paired	ILLUMINA	Illumina MiSeq	NA	fastq	SFGB85_168_L001_R1_001.fastq.gz	SFGB85_168_L001_R2_001.fastq.gz				
SRR37733913	SRP685577	new	PRJNA1440534	SAMN56660677	SFGB86	Greenhouse_ITS_SFGB86	SFGB86_Greenhouse_ITS_reads	AMPLICON	GENOMIC	PCR	paired	ILLUMINA	Illumina MiSeq	NA	fastq	SFGB86_248_L001_R1_001.fastq.gz	SFGB86_248_L001_R2_001.fastq.gz				
SRR37733912	SRP685577	new	PRJNA1440534	SAMN56660678	SFGB87	Greenhouse_ITS_SFGB87	SFGB87_Greenhouse_ITS_reads	AMPLICON	GENOMIC	PCR	paired	ILLUMINA	Illumina MiSeq	NA	fastq	SFGB87_26_L001_R1_001.fastq.gz	SFGB87_26_L001_R2_001.fastq.gz				
SRR37733911	SRP685577	new	PRJNA1440534	SAMN56660679	SFGB88	Greenhouse_ITS_SFGB88	SFGB88_Greenhouse_ITS_reads	AMPLICON	GENOMIC	PCR	paired	ILLUMINA	Illumina MiSeq	NA	fastq	SFGB88_213_L001_R1_001.fastq.gz	SFGB88_213_L001_R2_001.fastq.gz				
SRR37733910	SRP685577	new	PRJNA1440534	SAMN56660680	SFGB89	Greenhouse_ITS_SFGB89	SFGB89_Greenhouse_ITS_reads	AMPLICON	GENOMIC	PCR	paired	ILLUMINA	Illumina MiSeq	NA	fastq	SFGB89_104_L001_R1_001.fastq.gz	SFGB89_104_L001_R2_001.fastq.gz				
SRR37733909	SRP685577	new	PRJNA1440534	SAMN56660681	SFGB90	Greenhouse_ITS_SFGB90	SFGB90_Greenhouse_ITS_reads	AMPLICON	GENOMIC	PCR	paired	ILLUMINA	Illumina MiSeq	NA	fastq	SFGB90_237_L001_R1_001.fastq.gz	SFGB90_237_L001_R2_001.fastq.gz				
SRR37733981	SRP685577	new	PRJNA1440534	SAMN56660682	SFGB91	Greenhouse_ITS_SFGB91	SFGB91_Greenhouse_ITS_reads	AMPLICON	GENOMIC	PCR	paired	ILLUMINA	Illumina MiSeq	NA	fastq	SFGB91_59_L001_R1_001.fastq.gz	SFGB91_59_L001_R2_001.fastq.gz				
SRR37733980	SRP685577	new	PRJNA1440534	SAMN56660683	SFGBB1	Greenhouse_ITS_SFGBB1	SFGBB1_Greenhouse_ITS_reads	AMPLICON	GENOMIC	PCR	paired	ILLUMINA	Illumina MiSeq	NA	fastq	SFGBB1_242_L001_R1_001.fastq.gz	SFGBB1_242_L001_R2_001.fastq.gz				
SRR37733979	SRP685577	new	PRJNA1440534	SAMN56660684	SFGBB2	Greenhouse_ITS_SFGBB2	SFGBB2_Greenhouse_ITS_reads	AMPLICON	GENOMIC	PCR	paired	ILLUMINA	Illumina MiSeq	NA	fastq	SFGBB2_77_L001_R1_001.fastq.gz	SFGBB2_77_L001_R2_001.fastq.gz				
SRR37733978	SRP685577	new	PRJNA1440534	SAMN56660685	SFGBB3	Greenhouse_ITS_SFGBB3	SFGBB3_Greenhouse_ITS_reads	AMPLICON	GENOMIC	PCR	paired	ILLUMINA	Illumina MiSeq	NA	fastq	SFGBB3_131_L001_R1_001.fastq.gz	SFGBB3_131_L001_R2_001.fastq.gz				
SRR37733977	SRP685577	new	PRJNA1440534	SAMN56660686	SFGBB4	Greenhouse_ITS_SFGBB4	SFGBB4_Greenhouse_ITS_reads	AMPLICON	GENOMIC	PCR	paired	ILLUMINA	Illumina MiSeq	NA	fastq	SFGBB4_151_L001_R1_001.fastq.gz	SFGBB4_151_L001_R2_001.fastq.gz				
SRR37733976	SRP685577	new	PRJNA1440534	SAMN56660687	SFGBB5	Greenhouse_ITS_SFGBB5	SFGBB5_Greenhouse_ITS_reads	AMPLICON	GENOMIC	PCR	paired	ILLUMINA	Illumina MiSeq	NA	fastq	SFGBB5_76_L001_R1_001.fastq.gz	SFGBB5_76_L001_R2_001.fastq.gz				
SRR37733975	SRP685577	new	PRJNA1440534	SAMN56660688	SFGBB6	Greenhouse_ITS_SFGBB6	SFGBB6_Greenhouse_ITS_reads	AMPLICON	GENOMIC	PCR	paired	ILLUMINA	Illumina MiSeq	NA	fastq	SFGBB6_84_L001_R1_001.fastq.gz	SFGBB6_84_L001_R2_001.fastq.gz				
SRR37733974	SRP685577	new	PRJNA1440534	SAMN56660689	SFGBB7	Greenhouse_ITS_SFGBB7	SFGBB7_Greenhouse_ITS_reads	AMPLICON	GENOMIC	PCR	paired	ILLUMINA	Illumina MiSeq	NA	fastq	SFGBB7_124_L001_R1_001.fastq.gz	SFGBB7_124_L001_R2_001.fastq.gz				
SRR37733973	SRP685577	new	PRJNA1440534	SAMN56660690	SFGBB8	Greenhouse_ITS_SFGBB8	SFGBB8_Greenhouse_ITS_reads	AMPLICON	GENOMIC	PCR	paired	ILLUMINA	Illumina MiSeq	NA	fastq	SFGBB8_123_L001_R1_001.fastq.gz	SFGBB8_123_L001_R2_001.fastq.gz				
SRR37733972	SRP685577	new	PRJNA1440534	SAMN56660691	SFGBB9	Greenhouse_ITS_SFGBB9	SFGBB9_Greenhouse_ITS_reads	AMPLICON	GENOMIC	PCR	paired	ILLUMINA	Illumina MiSeq	NA	fastq	SFGBB9_239_L001_R1_001.fastq.gz	SFGBB9_239_L001_R2_001.fastq.gz				
SRR37734006	SRP685577	new	PRJNA1440534	SAMN56660692	SFGBB10	Greenhouse_ITS_SFGBB10	SFGBB10_Greenhouse_ITS_reads	AMPLICON	GENOMIC	PCR	paired	ILLUMINA	Illumina MiSeq	NA	fastq	SFGBB10_103_L001_R1_001.fastq.gz	SFGBB10_103_L001_R2_001.fastq.gz				
SRR37734005	SRP685577	new	PRJNA1440534	SAMN56660693	SFGBB11	Greenhouse_ITS_SFGBB11	SFGBB11_Greenhouse_ITS_reads	AMPLICON	GENOMIC	PCR	paired	ILLUMINA	Illumina MiSeq	NA	fastq	SFGBB11_105_L001_R1_001.fastq.gz	SFGBB11_105_L001_R2_001.fastq.gz				
